time,lower,upper,prediction,ground_truth
1970--4--30.875,-90.7916428293,30.1044932038,2.79352607871,2.56
1970--4--30.9166666667,-93.5769658546,30.1043832061,2.70312077494,2.52
1970--4--30.9583333333,-98.2001686238,30.1042707356,2.67537700567,2.52
1970--4--31,-168.28,30.1041582586,2.65818208662,2.48
