time,lower,upper,prediction,ground_truth
1970--4--30.875,-4.99947275952,113.945793857,0.453737314638,0.34
1970--4--30.9166666667,-5.17249664438,113.945793857,0.41221626556,0.32
1970--4--30.9583333333,-5.4488960241,113.945793857,0.398629648519,0.32
1970--4--31,-7.18,113.945793857,0.390104242468,0.32
